#Academia


INSERT INTO Academia(CNPJ,CEP,UF,Cidade,Nome,Telefone,Twitter,Facebook,Instagram,Email,Rua,Bairro,Logradouro)
VALUES('33879084000134','65012342','21','São Luís','Smart Fit','983333-3333','smartfit@twitter.com','smartfit@facebook.com','smartfit@instagram.com',
'www.smartfit@outlook.com', 24, 'Cohama','Avenida Daniel de La Touche');

INSERT INTO Academia(CNPJ,CEP,UF,Cidade,Nome,Telefone,Twitter,Facebook,Instagram,Email,Rua,Bairro,Logradouro)
VALUES('33879084000133','65023423','21','São Luís','The Club','9898411-4208','theclub@twitter.com','theclub@facebook.com','theclub@instagram.com',
'www.theclub@outlook.com', 13, 'Cohama','Mac Center');


#Funcionários 


#1 Instrutores

INSERT INTO Funcionario(CPF, Nome, DataDeNascimento, Salario, Sexo, FormaDeContrato, Email, Telefone, Rua,Bairro,Numero)
VALUES('06496317062', 'Taynara Maria Silva Rocha', '1996-08-08', 2000, 'F', 'CLT', 'rocha.taynara@gmail.com', '98987034590',  'Rua Joaquim Serra','Fé em Deus', 17);

INSERT INTO Funcionario(CPF, Nome, DataDeNascimento, Salario, Sexo, FormaDeContrato, Email, Telefone, Rua,Bairro,Numero)
VALUES('97604726003', 'Carlos Andrey Mendonça Soares', '1987-12-05', 2000, 'M', 'CLT', 'ms.carlos87@gmail.com', '9853943-4085','Rua 09 M','Jardim das Palmeiras',13);




#2  Contadores
INSERT INTO Funcionario(CPF, Nome, DataDeNascimento, Salario, Sexo, FormaDeContrato, Email, Telefone, Rua,Bairro,Numero)
VALUES('23092317972', 'Gustavo Antonio Silva Rocha', '1999-11-05', 2000, 'M', 'CLT', 'rocha.gustavo@gmail.com', '98987027560','Rua Pires Sabóia','Alemanha',14 );



INSERT INTO Funcionario(CPF, Nome, DataDeNascimento, Salario, Sexo, FormaDeContrato, Email, Telefone, Rua,Bairro,Numero)
VALUES('23092317971','Breno Castro Costa', '1996-11-05', 1588, 'M','CLT','brenoc.costa@gmail.com', 118618-3361,'Avenida da Saudade','Cruzeiro de Santa Bárbara',40 );



INSERT INTO Funcionario(CPF, Nome, DataDeNascimento, Salario, Sexo, FormaDeContrato, Email, Telefone, Rua,Bairro,Numero)
VALUES('23092317973', 'Lima Barreto Neves', '1980-11-05', 4000, 'M', 'CLT', 'limabarreto@gmail.com', '98987027564','Rua Pires Sabóia','Alemanha',23 );





#3  	Gerente Logistica
INSERT INTO Funcionario(CPF, Nome, DataDeNascimento, Salario, Sexo, FormaDeContrato, Email, Telefone, Rua,Bairro,Numero)
VALUES('17666358067', 'Pedro Luís Silva Nascimento', '1987-01-10', 2500, 'M', 'CLT', 'nascimento.pedro87@gmail.com', 9863563-9921,'Travessa Três Corações','João de Deus',32 );

INSERT INTO Funcionario(CPF, Nome, DataDeNascimento, Salario, Sexo, FormaDeContrato, Email, Telefone, Rua,Bairro,Numero)
VALUES('17666358080', 'Jorge Luís Sousa Filho', '1980-03-07', 2523, 'M', 'CLT', 'sousajorge80@gmail.com', 9896423-9935,'Rua Pires Sabóia','Alemanha',52);


#Inserir Secretario

INSERT INTO Funcionario(CPF, Nome, DataDeNascimento, Salario, Sexo, FormaDeContrato, Email, Telefone, Rua,Bairro,Numero)
VALUES('84404905343', 'Luiza Karla Petri Rocha', '1989-08-11', 1547, 'F', 'CLT', 'petri.karla89@gmail.com', 9886383-4060,'Avenida da Saudade','Cruzeiro de Santa Bárbara',40 );


INSERT INTO Funcionario(CPF, Nome, DataDeNascimento, Salario, Sexo, FormaDeContrato, Email, Telefone, Rua,Bairro,Numero)
VALUES('84404905344', 'Lurdes Freitas Sousa', '1989-10-12', 1550, 'F', 'CLT', 'sousa.lurdes90@gmail.com', 9821423-4060,'Rua 09 M','Jardim das Palmeiras',52);


#Inserir Avaliador Fisico
INSERT INTO Funcionario(CPF, Nome, DataDeNascimento, Salario, Sexo, FormaDeContrato, Email, Telefone, Rua,Bairro,Numero)
VALUES('66004554979','Carlos Reis Ferreira', '1975-10-15', 1588, 'F', 'CLT', 'brendaMeloMartins@dayrep.com', 118618-3361,'Avenida da Saudade','João de Deus',40);


INSERT INTO Funcionario(CPF, Nome, DataDeNascimento, Salario, Sexo, FormaDeContrato, Email, Telefone, Rua,Bairro,Numero)
VALUES('66004554980','Bianca DaMata', '1970-04-08', 1588, 'F', 'CLT', 'biancadamata@dayrep.com', 112418-3361,'Rua 09 M','Jardim das Palmeiras',62 );

# Nutricionistas


INSERT INTO Funcionario(CPF, Nome, DataDeNascimento, Salario, Sexo, FormaDeContrato, Email, Telefone, Rua,Bairro,Numero)
VALUES('43092317973', 'Lucas Douglas', '1980-11-05', 4000, 'M', 'CLT', 'limasantos@gmail.com', '98987027577','Rua Pires Sabóia','Alemanha',23);
#Inserir Funcionarios/ Ins

INSERT INTO Funcionario(CPF, Nome, DataDeNascimento, Salario, Sexo, FormaDeContrato, Email, Telefone, Rua,Bairro,Numero)
VALUES('43092317974', 'Lucas Barros Novos', '1980-11-05', 4000, 'M', 'CLT', 'lucasbarros@gmail.com', '98987027564','Rua Avenidade da Saudade','João de Deus',23 );




#1

#2
INSERT INTO Instrutor(NumInstrutor)
VALUES ('06496317062');
#3
INSERT INTO Instrutor(NumInstrutor)
VALUES ('97604726003');



#Inserindo GerenteLogistica
#4
INSERT INTO GerenteLogistica(NumGerenteLogistica)
VALUES ('17666358067');

INSERT INTO GerenteLogistica(NumGerenteLogistica)
VALUES ('17666358080');


#Inserir Secretarios
#5
INSERT INTO Secretario(NumSecretario)
VALUES (84404905343);
#6
INSERT INTO Secretario(NumSecretario)
VALUES (84404905344);
#7

#Inserindo Avaliadores Fisicos
#8
INSERT INTO AvaliadorFisico(CREF)
VALUES(66004554979);

INSERT INTO AvaliadorFisico(CREF)
VALUES(66004554980);


#Inserindo Contadores
#9
INSERT INTO Contador(CRC)
VALUES('23092317971');

INSERT INTO Contador(CRC)
VALUES('23092317972');


INSERT INTO Contador(CRC)
VALUES('23092317973');

INSERT INTO Nutricionista(CRN)
VALUES(43092317973);

INSERT INTO Nutricionista(CRN)
VALUES(43092317974);



select *from academia;





#CLIeNTES e seu endereço
INSERT INTO Cliente(CPF, Nome, Cli_NumSecretario, Email, Telefone,Bairro,Rua,Numero)
VALUES('36170184086','Ronald Silva Alves', '84404905343', 'ronaldgta@gmail.com', '9855679-4858','João de Deus', 'Rua São Sebastião', 20);


#2
INSERT INTO Cliente(CPF, Nome, Cli_NumSecretario, Email, Telefone,Bairro,Rua,Numero)
VALUES('02810818320','Ticiana Negromonte Almada', '84404905343', 'ticialmada@hotmail.com', '9859790-8847', 'Jardim Tropical', 'Rua E-9', 59);


#3
INSERT INTO Cliente(CPF, Nome, Cli_NumSecretario, Email, Telefone,Bairro,Rua,Numero)
VALUES('51025196384','Carina Modesto Portela', '84404905344', 'portela.carina@outlook.com', '9863290-2208', 'Jardim Lagoa', 'Rua Davi Alves Silva', 175);

#4
INSERT INTO Cliente(CPF, Nome, Cli_NumSecretario, Email, Telefone,Bairro,Rua,Numero)
VALUES('94797759305','Amanda Maia Costa Rego', '84404905344', 'maia.rego@outlook.com', '9877943-8884','Vivendas do Turu', 'Rua Alcântara', 200);


#5
INSERT INTO Cliente(CPF, Nome, Cli_NumSecretario, Email, Telefone,Bairro,Rua,Numero)
VALUES('71002255279','Lucas Costa Alves', '84404905344', 'lucascostaps@outlook.com', '99592-2382','COHAB Anil IV', 'Residencial Magnólias', 90);


#Matricula cliente / secretario
INSERT INTO Matricula_Cliente_Secretario(Codigo, Plano, DataInicio, Modalidade, CPF_Cliente)
VALUES(2022001,'6 meses','2022-12-31' ,'Zumba','51025196384' );

INSERT INTO Matricula_Cliente_Secretario(Codigo, Plano, DataInicio, Modalidade, CPF_Cliente)
VALUES(2022002,'1 mes','2022-02-13' ,'Pilates','71002255279' );

INSERT INTO Matricula_Cliente_Secretario(Codigo, Plano, DataInicio, Modalidade, CPF_Cliente)
VALUES(2022003,'12 meses','2022-01-01' ,'Muay Thai','94797759305' );

INSERT INTO Matricula_Cliente_Secretario(Codigo, Plano, DataInicio, Modalidade, CPF_Cliente)
VALUES(2022004,'6 meses','2022-06-24' ,'Zumba','02810818320' );

INSERT INTO Matricula_Cliente_Secretario(Codigo, Plano, DataInicio, Modalidade, CPF_Cliente)
VALUES(2022005,'12 meses','2022-12-31' ,'Musculação','36170184086' );

#Avalia

INSERT INTO IMC_Avalia(Peso,Altura,IMC) 
VALUES(65,175,35);

INSERT INTO IMC_Avalia(Peso,Altura,IMC) 
VALUES(70,748,40);

INSERT INTO IMC_Avalia(Peso,Altura,IMC) 
VALUES(55,164,20);

INSERT INTO IMC_Avalia(Peso,Altura,IMC) 
VALUES(80,155,44);

INSERT INTO IMC_Avalia(Peso,Altura,IMC) 
VALUES(92,190,24);

INSERT INTO Avalia_Cliente(Codigo,CPF_Cliente,CREF_Avaliador,CRN_Nutricionista,Torax,Cintura,Abdomen,PesoMagro,PesoGordo,IMC_Calculado)
VALUES(121,'51025196384','66004554979','43092317973',95,35,28,55,10,35);

INSERT INTO Avalia_Cliente(Codigo,CPF_Cliente,CREF_Avaliador,CRN_Nutricionista,Torax,Cintura,Abdomen,PesoMagro,PesoGordo,IMC_Calculado)
VALUES(122,'71002255279','66004554979','43092317973',108,25,37,20,40,40);

INSERT INTO Avalia_Cliente(Codigo,CPF_Cliente,CREF_Avaliador,CRN_Nutricionista,Torax,Cintura,Abdomen,PesoMagro,PesoGordo,IMC_Calculado)
VALUES(123,'94797759305','66004554980','43092317973',82,42,33,45,30,20);

INSERT INTO Avalia_Cliente(Codigo,CPF_Cliente,CREF_Avaliador,CRN_Nutricionista,Torax,Cintura,Abdomen,PesoMagro,PesoGordo,IMC_Calculado)
VALUES(124,'02810818320','66004554980','43092317974',124,88,1114,55,25,44);

INSERT INTO Avalia_Cliente(Codigo,CPF_Cliente,CREF_Avaliador,CRN_Nutricionista,Torax,Cintura,Abdomen,PesoMagro,PesoGordo,IMC_Calculado)
VALUES(125,'36170184086','66004554980','43092317974',97,38,32,80,12,24);



INSERT INTO FichaNutricional(Codigo,Diagnostico,DataDiagnostico,CafeDaManha,Lanche,Almoco,Janta)
VALUES(121,'Obesidade Tipo 1','2022-01-10','Pão e Ovo','Granola','Batata Doce e Frango','Queijo');

INSERT INTO FichaNutricional(Codigo,Diagnostico,DataDiagnostico,CafeDaManha,Lanche,Almoco,Janta)
VALUES(122,'Anorexia','2021-03-11','Iorgute Pão e 4 Ovos','Granola e Aveia','Batata Doce e Frango','Queijo e Abacate');

INSERT INTO FichaNutricional(Codigo,Diagnostico,DataDiagnostico,CafeDaManha,Lanche,Almoco,Janta)
VALUES(123,'Obesidade Tipo 2','2020-04-04','Tapioca','Aveia','Peixe','Abacate');

INSERT INTO FichaNutricional(Codigo,Diagnostico,DataDiagnostico,CafeDaManha,Lanche,Almoco,Janta)
VALUES(124,'Hipertenso','2020-05-10','Leite Desnatado e Tapioca','Granola','Peixe','Requeijão');

INSERT INTO FichaNutricional(Codigo,Diagnostico,DataDiagnostico,CafeDaManha,Lanche,Almoco,Janta)
VALUES(125,'Desnutrição','2022-01-10','Água de Coco e Frutas Secas','Castanha do Para','Lasanha','Feijoada');







INSERT INTO Prescreve_FichaNutricional(Codigo_Avalia,Codigo_FichaNutricional,Data_Prescricao)
VALUES(121,121,'2022-01-10');

INSERT INTO Prescreve_FichaNutricional(Codigo_Avalia,Codigo_FichaNutricional,Data_Prescricao)
VALUES(122,122,'2021-03-11');

INSERT INTO Prescreve_FichaNutricional(Codigo_Avalia,Codigo_FichaNutricional,Data_Prescricao)
VALUES(123,123,'2020-04-04');

INSERT INTO Prescreve_FichaNutricional(Codigo_Avalia,Codigo_FichaNutricional,Data_Prescricao)
VALUES(124,124,'2020-05-04');

INSERT INTO Prescreve_FichaNutricional(Codigo_Avalia,Codigo_FichaNutricional,Data_Prescricao)
VALUES(125,125,'2021-04-03');


INSERT INTO fichatreino(Codigo,TempoEntreSerie,Exercicios,NumerodeRepeticao,DataInicio,TipoDeSerie)
VALUES(131,30,"Supino Reto,Supino Inclinado,Agachamento",10,'2020-05-20','AB');

INSERT INTO fichatreino(Codigo,TempoEntreSerie,Exercicios,NumerodeRepeticao,DataInicio,TipoDeSerie)
VALUES(132,30,"Agachamento,Flexão com Barra,Extensora",10,'2021-02-10','ABC');

INSERT INTO fichatreino(Codigo,TempoEntreSerie,Exercicios,NumerodeRepeticao,DataInicio,TipoDeSerie)
VALUES(133,60,"Triceps Corda,Triceps Invertido,Extensora",15,'2018-05-05','ABCD');

INSERT INTO fichatreino(Codigo,TempoEntreSerie,Exercicios,NumerodeRepeticao,DataInicio,TipoDeSerie)
VALUES(134,60,"Agachamento,Flexora",10,'2022-12-16','AB');

INSERT INTO fichatreino(Codigo,TempoEntreSerie,Exercicios,NumerodeRepeticao,DataInicio,TipoDeSerie)
VALUES(135,30,"Supino Inclinado,Triceps Corda",15,'2022-05-15','AB');


INSERT INTO Prescreve_Treino(Codigo_Avalia,Codigo_Treino,Data_Prescricao)
VALUES(121,131,'2022-05-20');

INSERT INTO Prescreve_Treino(Codigo_Avalia,Codigo_Treino,Data_Prescricao)
VALUES(122,132,'2021-04-15');

INSERT INTO Prescreve_Treino(Codigo_Avalia,Codigo_Treino,Data_Prescricao)
VALUES(123,133,'2020-06-17');

INSERT INTO Prescreve_Treino(Codigo_Avalia,Codigo_Treino,Data_Prescricao)
VALUES(124,134,'2019-04-05');

INSERT INTO Prescreve_Treino(Codigo_Avalia,Codigo_Treino,Data_Prescricao)
VALUES(125,135,'2020-08-01');






#INSERT INTO Perimetro_Cliente



#Parte Ítalo

#Começa Balanço Patrimonial
INSERT INTO Faz_BalancoPatrimonial(Codigo,DataBalanco,CNPJ_Academia,CEP_Academia,CRC_Contador,Caixa,DuplicatasAReceber,Estoque,TotalAtivoCirculante,Salario,Impostos
,Adiantamentos,Fornecedores,TotalPassivoCirculante,ContasAReceber,Imobilizado,Intangivel,Investimentos,TotalAtivoNaoCirculante,CapitalSocial,ReservaDeLucros,ReservaDeCapital,TotalPatrimonioLiquido)
VALUES(1,"2022-12-15","33879084000134",'65012342',"23092317971",203232000,1232342,13242453,217706795,100000,200000,300000,400000,10000000,100000,200000,300000,400000,10000000
,100000,200000,300000,600000);

INSERT INTO Faz_BalancoPatrimonial(Codigo,DataBalanco,CNPJ_Academia,CEP_Academia,CRC_Contador,Caixa,DuplicatasAReceber,Estoque,TotalAtivoCirculante,Salario,Impostos
,Adiantamentos,Fornecedores,TotalPassivoCirculante,ContasAReceber,Imobilizado,Intangivel,Investimentos,TotalAtivoNaoCirculante,CapitalSocial,ReservaDeLucros,ReservaDeCapital,TotalPatrimonioLiquido)
VALUES(2,"2022-05-15","33879084000133",'65023423',"23092317972",203232000,1232342,13242453,217706795,100000,200000,300000,400000,10000000,100000,200000,300000,400000,10000000
,100000,200000,300000,600000);


#Termina Balanço Patrimonial

#Começa DRE


INSERT INTO Faz_DRE(Codigo,Data_DRE,ReceitaLiquida,LucroOperacional,LucroLiquido,CNPJ_Academia,CEP_Academia,CRC_Contador)
VALUES(1,"2022-12-16",30234,23423,30000,"33879084000133",'65023423',"23092317971");

INSERT INTO Faz_DRE(Codigo,Data_DRE,ReceitaLiquida,LucroOperacional,LucroLiquido,CNPJ_Academia,CEP_Academia,CRC_Contador)
VALUES(2,"2020-08-12",50234,42312,50000,"33879084000134",'65012342',"23092317973");


INSERT INTO Equipamentos(Codigo,Garantia,Modelo,Comprimento,Altura,Largura,Estrutura)
VALUES(1,"2030-10-24","Remada Articulada",20,30,40,"Aço ISO 4234");

INSERT INTO Equipamentos(Codigo,Garantia,Modelo,Comprimento,Altura,Largura,Estrutura)
VALUES(2,"2035-10-24","Hack",20,170,50,"Aço ISO 5324");

INSERT INTO Equipamentos(Codigo,Garantia,Modelo,Comprimento,Altura,Largura,Estrutura)
VALUES(3,"2043-10-12","Smith",30,120,40,"Aço ISO 1202");

INSERT INTO Tem_Academia_Equipamentos(CNPJ_Academia,CEP_Academia,Codigo_Equipamentos)
VALUES("33879084000133",'65023423',1);

INSERT INTO Tem_Academia_Equipamentos(CNPJ_Academia,CEP_Academia,Codigo_Equipamentos)
VALUES("33879084000134",'65012342',1);

INSERT INTO Tem_Academia_Equipamentos(CNPJ_Academia,CEP_Academia,Codigo_Equipamentos)
VALUES("33879084000134",'65012342',2);

INSERT INTO Tem_Academia_Equipamentos(CNPJ_Academia,CEP_Academia,Codigo_Equipamentos)
VALUES("33879084000134",'65012342',3);

INSERT INTO Terceirizada(Codigo,Nome,Telefone,Email)
VALUES(1,"Terceirizada X","989923-2324","www.terceirizadax.com.br");

INSERT INTO Terceirizada(Codigo,Nome,Telefone,Email)
VALUES(2,"Terceirizada Y","989943-2324","www.terceirizaday.com.br");

INSERT INTO Manutencao(Codigo_Manutencao,Codigo_Equipamentos,Codigo_Terceirizada,Data_Manutencao,TempoInicioServico,TempoTerminoServico,NomeDoFuncionario)
VALUES(1,2,1,"2022-12-16","08:50:30","9:30:24","Rodrigo");

INSERT INTO Manutencao(Codigo_Manutencao,Codigo_Equipamentos,Codigo_Terceirizada,Data_Manutencao,TempoInicioServico,TempoTerminoServico,NomeDoFuncionario)
VALUES(2,1,2,"2022-05-30","10:50:30","13:30:24","Fabio");

INSERT INTO Vendidos(Codigo_Equipamentos,Codigo_Terceirizada,Data_Vendidos)
VALUES(1,1,"2022-12-04");

INSERT INTO Vendidos(Codigo_Equipamentos,Codigo_Terceirizada,Data_Vendidos)
VALUES(2,1,"2022-06-24");

INSERT INTO Vendidos(Codigo_Equipamentos,Codigo_Terceirizada,Data_Vendidos)
VALUES(3,2,"2022-03-07");

INSERT INTO Compra(Codigo,Codigo_Solicita,Codigo_Equipamentos,Codigo_Autoriza,DataDeCompra,Contrato,NotaFiscal)
VALUES(1,NULL,1,NULL,"2022-05-16","Contrato x","Nota fiscal x");

INSERT INTO Compra(Codigo,Codigo_Solicita,Codigo_Equipamentos,Codigo_Autoriza,DataDeCompra,Contrato,NotaFiscal)
VALUES(2,NULL,2,NULL,"2022-08-16","Contrato y","Nota fiscal y");


INSERT INTO Solicita(Codigo_Compra,Sol_NumGerenteLogistica,DataDeSolicitacao,Requerimento)
VALUES(1,'17666358067',"2022-01-01","Solicito o requerimento de equipamentos Hack");

INSERT INTO Solicita(Codigo_Compra,Sol_NumGerenteLogistica,DataDeSolicitacao,Requerimento)
VALUES(2,'17666358080',"2022-03-01","Solicito o requerimento de equipamentos Remada Articulada");



INSERT INTO Autoriza(DatadeAutorizacao,CRC_Contador,Codigo_Compra,Autorizacao) 
VALUES("2022-04-01",23092317971,1,"Autorizo a compra do Hack");

INSERT INTO Autoriza(DatadeAutorizacao,CRC_Contador,Codigo_Compra,Autorizacao) 
VALUES("2022-04-01",23092317972,2,"Autorizo a compra do equipamento Remada Articulada");































